Chromosome,Gene name,Primary site,Genic Mutation CDS
23,GPC3,prostate,374_374A>T
23,GPC3,skin,381_381C>T
23,GPC3,endometrium,471_471G>A
23,GPC3,skin,471_471G>A
23,GPC3,NS,482_483delinsTA
23,GPC3,skin,483_483C>T
23,GPC3,endometrium,525_525C>A
23,GPC3,haematopoietic_and_lymphoid_tissue,60689_60689G>A
23,GPC3,skin,60692_60692C>T
23,GPC3,skin,60704_60704C>T
23,GPC3,liver,60716_60716A>G
23,GPC3,skin,60728_60728G>A
23,GPC3,endometrium,60735_60735C>T
23,GPC3,skin,60755_60755G>A
23,GPC3,lung,60761_60761G>A
23,GPC3,skin,60791_60791G>A
23,GPC3,skin,60805_60805A>T
23,GPC3,skin,60806_60806G>A
23,GPC3,large_intestine,60829_60829C>A
23,GPC3,skin,60829_60829C>T
23,GPC3,kidney,60836_60836A>G
23,GPC3,cervix,60840_60840G>A
23,GPC3,liver,126027_126027C>A
23,GPC3,skin,126050_126050C>T
23,GPC3,large_intestine,126056_126056T>C
23,GPC3,lung,126059_126059C>T
23,GPC3,skin,126075_126075G>A
23,GPC3,large_intestine,126083_126083G>C
23,GPC3,endometrium,156660_156660C>T
23,GPC3,lung,156664_156664G>A
23,GPC3,lung,156666_156666C>G
23,GPC3,skin,156705_156705T>C
23,GPC3,large_intestine,156709_156709A>G
23,GPC3,skin,156713_156713C>T
23,GPC3,endometrium,156717_156717C>A
23,GPC3,skin,156730_156730C>T
23,GPC3,lung,156739_156739G>C
23,GPC3,skin,164147_164147G>A
23,GPC3,endometrium,164148_164148C>G
23,GPC3,skin,164172_164172G>A
23,GPC3,cervix,164211_164211C>T
23,GPC3,endometrium,164214_164214G>T
23,GPC3,oesophagus,164217_164217G>C
23,GPC3,lung,164242_164242C>A
23,GPC3,large_intestine,164243_164243G>A
23,GPC3,liver,164243_164243G>A
23,GPC3,thyroid,164243_164243G>T
23,GPC3,bone,164248_164250del
23,GPC3,kidney,164270_164270G>T
23,GPC3,large_intestine,217731_217731C>T
23,GPC3,large_intestine,217752_217752G>T
23,GPC3,skin,217784_217784A>G
23,GPC3,upper_aerodigestive_tract,217805_217805G>T
23,GPC3,lung,217811_217811G>A
23,GPC3,lung,217817_217817G>A
23,GPC3,prostate,217821_217821C>G
23,GPC3,central_nervous_system,217825_217825G>T
23,GPC3,lung,217828_217828A>T
23,GPC3,large_intestine,217829_217829T>C
23,GPC3,urinary_tract,217834_217834G>T
23,GPC3,large_intestine,217835_217835G>A
23,GPC3,urinary_tract,217835_217835G>A
23,GPC3,lung,217850_217850G>T
23,GPC3,bone,217868_217868G>T
23,GPC3,large_intestine,217868_217868G>T
23,GPC3,large_intestine,217880_217880A>G
23,GPC3,central_nervous_system,217894_217896del
23,GPC3,liver,217895_217895G>T
23,GPC3,lung,217895_217895G>T
23,GPC3,pancreas,217906_217906G>T
23,GPC3,autonomic_ganglia,217917_217917C>A
23,GPC3,breast,217917_217917C>A
23,GPC3,large_intestine,217934_217934G>A
23,GPC3,stomach,217934_217934G>A
23,GPC3,ovary,217960_217960G>A
23,GPC3,lung,217965_217965C>G
23,GPC3,large_intestine,217967_217967T>C
23,GPC3,endometrium,217972_217972C>T
23,GPC3,oesophagus,217981_217981G>C
23,GPC3,breast,218000_218000C>T
23,GPC3,large_intestine,218039_218039A>G
23,GPC3,liver,218040_218040C>A
23,GPC3,large_intestine,218044_218044T>A
23,GPC3,large_intestine,218053_218053G>A
23,GPC3,liver,218063_218063C>T
23,GPC3,large_intestine,218071_218071T>G
23,GPC3,lung,218085_218085C>A
23,GPC3,NS,218101_218101C>T
23,GPC3,lung,218104_218104T>C
23,GPC3,lung,218108_218108C>T
23,GPC3,large_intestine,218127_218127C>T
23,GPC3,liver,218142_218142A>C
23,GPC3,lung,218148_218148C>G
23,GPC3,skin,218159_218159G>A
23,GPC3,breast,218164_218164G>A
23,GPC3,endometrium,218164_218164G>A
23,GPC3,liver,218164_218164G>A
23,GPC3,breast,218165_218165C>T
23,GPC3,skin,218165_218165C>T
23,GPC3,stomach,218168_218168C>T
23,GPC3,kidney,218171_218171T>A
23,GPC3,thyroid,218173_218173A>G
23,GPC3,lung,218197_218197C>A
23,GPC3,stomach,218203_218203G>C
23,GPC3,skin,218257_218257A>G
23,GPC3,skin,218262_218262G>A
23,GPC3,lung,218270_218270G>C
23,GPC3,lung,218270_218270G>T
23,GPC3,stomach,218278_218278T>A
23,GPC3,soft_tissue,218291_218291T>G
23,GPC3,skin,218321_218321G>A
23,GPC3,lung,218342_218342C>A
23,GPC3,small_intestine,218345_218345C>T
23,GPC3,lung,218361_218361C>T
23,GPC3,large_intestine,218364_218364C>T
23,GPC3,endometrium,218391_218391G>T
23,GPC3,stomach,218398_218398A>G
23,GPC3,endometrium,218402_218402C>T
23,GPC3,large_intestine,218402_218402C>T
23,GPC3,skin,218402_218402C>T
23,GPC3,thyroid,218402_218402C>T
23,GPC3,thyroid,218408_218408G>T
23,GPC3,thyroid,218420_218420G>T
23,GPC3,kidney,417297_417297A>T
23,GPC3,lung,417298_417298A>C
23,GPC3,central_nervous_system,417300_417300C>G
23,GPC3,large_intestine,417307_417307C>T
23,GPC3,lung,417331_417331A>G
23,GPC3,breast,417346_417346C>T
23,GPC3,lung,417349_417349C>G
23,GPC3,haematopoietic_and_lymphoid_tissue,417352_417352A>G
23,GPC3,haematopoietic_and_lymphoid_tissue,417356_417356C>A
23,GPC3,lung,417357_417357G>T
23,GPC3,haematopoietic_and_lymphoid_tissue,417377_417377C>T
23,GPC3,large_intestine,417377_417377C>T
23,GPC3,lung,417416_417416T>C
23,GPC3,endometrium,417422_417422A>G
23,GPC3,skin,417435_417435C>T
23,GPC3,lung,417437_417437C>A
23,GPC3,large_intestine,449527_449527G>A
23,GPC3,large_intestine,449547_449547A>G
23,GPC3,biliary_tract,449548_449548A>G
23,GPC3,biliary_tract,449554_449554G>A
23,GPC3,large_intestine,449554_449554G>A
23,GPC3,lung,449560_449560C>A
23,GPC3,liver,449560_449560C>T
23,GPC3,skin,449569_449569C>T
23,GPC3,skin,449575_449575T>G
23,GPC3,endometrium,449582_449582C>T
23,GPC3,thyroid,449610_449610C>T
23,GPC3,lung,449618_449618C>T
23,GPC3,endometrium,449620_449620C>A
23,GPC3,lung,449625_449625C>T
23,GPC3,thyroid,449666_449666G>T
23,GPC3,liver,449676_449676C>A
23,GPC3,endometrium,449680_449680C>T
23,GPC3,central_nervous_system,449683_449683G>A
23,GPC3,thyroid,449692_449692G>T
23,WAS,large_intestine,105_105G>A
23,WAS,ovary,105_105G>C
23,WAS,NS,108_108G>A
23,WAS,ovary,109_109del
23,WAS,skin,129_129C>T
23,WAS,urinary_tract,134_134G>C
23,WAS,skin,159_159G>A
23,WAS,urinary_tract,167_167G>A
23,WAS,central_nervous_system,172_172A>G
23,WAS,endometrium,175_175G>A
23,WAS,lung,181_181T>A
23,WAS,skin,185_185G>A
23,WAS,large_intestine,195_195C>T
23,WAS,pancreas,195_195C>T
23,WAS,large_intestine,196_196G>A
23,WAS,lung,200_200A>G
23,WAS,central_nervous_system,202_202G>C
23,WAS,large_intestine,203_203C>T
23,WAS,large_intestine,505_505C>T
23,WAS,prostate,505_505C>T
23,WAS,stomach,533_533C>T
23,WAS,endometrium,538_538C>T
23,WAS,pancreas,538_538C>T
23,WAS,large_intestine,550_550G>T
23,WAS,central_nervous_system,594_594G>A
23,WAS,pancreas,604_604A>G
23,WAS,endometrium,607_607C>T
23,WAS,endometrium,613_613A>C
23,WAS,lung,1784_1784G>A
23,WAS,lung,1785_1785G>T
23,WAS,endometrium,1787_1787A>T
23,WAS,large_intestine,1798_1798T>C
23,WAS,oesophagus,1837_1837C>T
23,WAS,central_nervous_system,1957_1957C>A
23,WAS,endometrium,1973_1973A>C
23,WAS,haematopoietic_and_lymphoid_tissue,1991_1991G>A
23,WAS,oesophagus,1991_1991G>T
23,WAS,lung,1997_1997del
23,WAS,ovary,2015_2015G>A
23,WAS,skin,2038_2038G>A
23,WAS,stomach,2173_2173G>A
23,WAS,oesophagus,2337_2337C>A
23,WAS,endometrium,2346_2346G>T
23,WAS,central_nervous_system,3026_3026T>G
23,WAS,large_intestine,3065_3065C>T
23,WAS,breast,3073_3073C>T
23,WAS,lung,3073_3073C>T
23,WAS,skin,3074_3074G>A
23,WAS,central_nervous_system,3077_3077A>T
23,WAS,large_intestine,3079_3079C>T
23,WAS,skin,3080_3080G>T
23,WAS,liver,3094_3094C>T
23,WAS,endometrium,3117_3117G>T
23,WAS,pancreas,3146_3146A>T
23,WAS,central_nervous_system,3149_3149C>T
23,WAS,thyroid,3151_3151G>A
23,WAS,lung,3158_3158G>T
23,WAS,thyroid,3163_3163C>A
23,WAS,skin,4309_4309G>A
23,WAS,lung,4536_4536C>A
23,WAS,haematopoietic_and_lymphoid_tissue,4545_4545C>T
23,WAS,oesophagus,4566_4566G>A
23,WAS,autonomic_ganglia,4581_4581C>A
23,WAS,large_intestine,4590_4590G>A
23,WAS,prostate,4590_4590G>A
23,WAS,large_intestine,4596_4596G>A
23,WAS,liver,4613_4613C>G
23,WAS,large_intestine,4617_4617G>A
23,WAS,endometrium,4620_4620T>C
23,WAS,haematopoietic_and_lymphoid_tissue,4639_4639G>A
23,WAS,skin,4659_4659G>A
23,WAS,large_intestine,4668_4668C>T
23,WAS,lung,4668_4668C>T
23,WAS,large_intestine,4669_4669G>A
23,WAS,liver,4669_4669G>A
23,WAS,oesophagus,4669_4669G>A
23,WAS,urinary_tract,4669_4669G>A
23,WAS,oesophagus,4902_4902C>T
23,WAS,urinary_tract,4911_4911G>C
23,WAS,haematopoietic_and_lymphoid_tissue,4938_4938del
23,WAS,lung,4945_4946delinsCT
23,WAS,haematopoietic_and_lymphoid_tissue,4946_4959del
23,WAS,thyroid,4961_4961C>T
23,WAS,large_intestine,4968_4968G>T
23,WAS,lung,5006_5006C>A
23,WAS,large_intestine,5007_5007del
23,WAS,cervix,5240_5240C>A
23,WAS,large_intestine,5247_5247C>T
23,WAS,breast,5592_5592G>C
23,WAS,prostate,5592_5592G>C
23,WAS,thyroid,5594_5594G>T
23,WAS,breast,5630_5630G>A
23,WAS,NS,7330_7330G>A
23,WAS,lung,7330_7330G>A
23,WAS,skin,7330_7330G>A
23,WAS,endometrium,7360_7360G>T
